������, ��1�1�, 1.01.2016, 1 �����, 17
���, ��2�1�, 10.01.2016, 3 ������, 144
�����, ��3�1�, 4.01.2016, 1 �����, 16
������, ��4�1�, 9.01.2016, 1 �����, 20
�������, ��5��1/2�, 15.01.2016, 1 month, 14
��������� �����, ��6l�250�, 1.01.2016, 2 ������, 32
��������, ��23�.1�, 18.01.2016, 1 �����, 25
���, ��7��1�, 9.01.2016, 6 �������, 28
������, ��1�1�, 1.01.2016, 1 �����, 17
���, ��2�1�, 10.01.2016, 3 ������, 144
�����, ��3�1�, 4.01.2016, 1 �����, 16
������, ��4�1�, 9.01.2016, 1 �����, 20
�������, ��5��1/2�, 15.01.2016, 1 month, 14
��������� �����, ��6l�250�, 1.01.2016, 2 ������, 32
��������, ��23�.1�, 18.01.2016, 1 �����, 25
���, ��7��1�, 9.01.2016, 6 �������, 28
������, ��1�1�, 1.01.2016, 1 �����, 17
���, ��2�1�, 10.01.2016, 3 ������, 144
�����, ��3�1�, 4.01.2016, 1 �����, 16
������, ��4�1�, 9.01.2016, 1 �����, 20
�������, ��5��1/2�, 15.01.2016, 1 month, 14
��������� �����, ��6l�250�, 1.01.2016, 2 ������, 32
��������, ��23�.1�, 18.01.2016, 1 �����, 25
���, ��7��1�, 9.01.2016, 6 �������, 28
